date,smp_max,smp_min,supply,min_temp,max_temp,min_humid,max_humid,smp_mean
2018-02-01,150.65,116.84,87.47,3.4,6.2,45,63,132.71
2018-02-02,163.86,116.84,86.64,2.2,5.5,39,59,134.19
2018-02-03,164.07,116.85,88.28,-0.6,4.9,50,90,131.39
2018-02-04,171,115.76,86.14,-1.7,0.2,57,94,131.89
2018-02-05,170.34,123.89,90.63,-1.2,2.3,56,89,137.96
2018-02-06,167.99,119.11,91.18,-1.7,0.2,51,95,140.06
2018-02-07,141.07,124.11,90.09,-0.4,1.8,60,91,132.76
2018-02-08,147.42,116.84,87.57,-0.7,6.1,68,94,132.91
2018-02-09,150.7,116.84,81.63,1.5,10.1,49,72,126.95
2018-02-10,147.2,116.34,83,3.3,7.4,50,88,130.1
2018-02-11,149.81,116.91,82.75,1.3,5,39,92,127
2018-02-12,167.78,124.68,89.2,0.8,3.9,45,66,138.91
2018-02-13,146.75,126.95,85.22,3.1,8.3,29,54,132.89
2018-02-14,168.73,116.84,75.44,2.7,14.8,38,85,132.9
2018-02-15,142.71,116.62,74.21,5.2,10.5,48,86,129.99
2018-02-16,137.18,51.12,74.96,3.9,7.9,39,73,121.13
2018-02-17,152.5,107.61,78.31,2.8,6.4,36,65,126.44
2018-02-18,148.28,116.91,73.8,2,10,42,66,130.39
2018-02-19,151.67,116.84,77.87,5.6,10.3,45,84,133.35
2018-02-20,145.99,115.16,76.98,4.8,11.4,37,73,125.54
2018-02-21,167.06,116.84,81.87,4.3,7.5,35,63,134.82
2018-02-22,165.91,116.84,84.73,3.5,7.3,30,48,134.31
2018-02-23,143.44,116.84,80.26,3.4,12.7,44,65,128.36
2018-02-24,148.34,116.63,73.9,5.4,13.1,43,65,125.61
2018-02-25,144.2,116.36,74.19,7.7,12.5,52,80,126.36
2018-02-26,146.47,116.84,78.89,4.4,11.6,39,60,131.38
2018-02-27,171.36,116.55,74.89,6,14,43,71,129.76
2018-02-28,165.98,115.09,78.61,6.9,16.9,60,96,130.85
2018-03-01,181.14,119.65,80.59,3.4,10.4,49,85,134.24
2018-03-02,175.15,120.62,78.97,2.9,8.1,49,69,138.56
2018-03-03,180.97,113.75,73.19,6.2,19,57,85,133.78
2018-03-04,154.19,94.96,65.1,11,22.9,68,84,128.29
2018-03-05,180,119.48,76.46,8.4,21.8,83,98,135.75
2018-03-06,181.06,120.72,76.67,8.3,10.7,51,83,134.07
2018-03-07,180.18,120.76,77.36,8.7,11.4,62,95,132.96
2018-03-08,148.79,120.44,80.75,5.3,8.5,74,95,128.11
2018-03-09,155.29,120.62,79.37,4.3,7.6,61,75,137.74
2018-03-10,156.42,120.74,77.53,4.3,10.9,44,78,130.04
2018-03-11,130.54,111.14,73.95,5.2,11.1,56,75,124.04
2018-03-12,130.55,120.47,74.94,7,14.6,54,73,124.43
2018-03-13,128.39,119.18,70.51,10,18.7,41,76,123.89
2018-03-14,133.16,116.65,67.13,12.6,19.7,46,78,125.3
2018-03-15,151.53,99.61,68.89,12.7,21.2,66,98,132.88
2018-03-16,157.06,112.95,76.17,8.9,12.1,64,98,131
2018-03-17,178.47,119.61,73.2,7.3,13.3,53,75,143.32
2018-03-18,155.53,119.1,66.22,8,20.7,51,94,133.31
2018-03-19,157,108.57,76.3,10.3,16.1,91,98,131.33
2018-03-20,153.61,118.81,80.96,6.6,10.2,68,92,130.42
2018-03-21,145.02,118.38,80.62,4.3,6.5,80,92,134.24
2018-03-22,150.24,120.23,80.24,5.3,10,55,83,135.83
2018-03-23,155.68,120.5,78.27,4.6,11.5,49,80,132.32
2018-03-24,157.11,116.8,72.59,8.2,16,40,74,129.99
2018-03-25,159.98,114.86,69.3,9.6,16.3,67,98,127.22
2018-03-26,155.42,119.19,71.81,10.2,16.5,47,99,129.68
2018-03-27,147.7,120.46,72.05,10.5,19.1,49,71,125.03
2018-03-28,145.45,115.13,69.04,9.7,18.6,55,85,129.51
2018-03-29,170.18,110.7,68.56,12.3,18.6,54,95,136.7
2018-03-30,179.64,113.85,68.84,13.6,18.2,52,96,133.94
2018-03-31,173.16,114.06,66.5,13.3,20.6,51,75,135.34
2018-04-01,152.84,117.78,62.66,15.4,20.3,51,90,129.73
2018-04-02,147.17,114.6,64.46,15.4,20.3,62,92,128.9
2018-04-03,146.47,112.57,63.96,15.5,20.3,68,91,128.96
2018-04-04,146.15,115.72,64.09,15.9,20.2,67,95,128.51
2018-04-05,157,119.59,66.18,14.6,21.1,61,94,128.94
2018-04-06,146.8,112.89,73.82,8.9,18.2,42,98,128.48
2018-04-07,140.68,104.62,77.14,6,9.5,39,60,130.96
2018-04-08,138.56,109.54,72.41,7.2,15.9,25,59,132.52
2018-04-09,153.33,117.05,71.3,12.8,16,37,84,130.04
2018-04-10,148.9,112.26,65.32,12.7,22,39,67,127.17
2018-04-11,132.11,87,67.31,14.9,21.1,48,82,123.6
2018-04-12,149.94,88.3,65.96,13.5,23.3,16,68,122.15
2018-04-13,151.95,88.55,66.34,14.8,19.4,38,64,127.18
2018-04-14,156.29,87.24,66.9,10.3,22.6,76,97,118.1
2018-04-15,139.97,87.93,70.95,9.8,15.7,49,77,118.32
2018-04-16,143.54,120.21,69.32,8.6,14.1,55,72,126.7
2018-04-17,152.17,109.58,70.04,13,16.4,61,89,128.95
2018-04-18,153.92,110.44,71.89,10.9,16.8,51,81,129.06
2018-04-19,147.36,120.72,70.51,9.5,19.3,24,73,131.39
2018-04-20,146.85,110.57,69.56,12.4,20,34,70,126.6
2018-04-21,150.95,118.85,64.28,13.5,19.4,54,69,129.26
2018-04-22,131.25,120.8,62.76,18.2,23.1,59,93,126.33
2018-04-23,150.47,88.78,66.84,16.2,21.5,90,99,130
2018-04-24,150.78,109.58,67.67,13.8,16.4,90,99,130.2
2018-04-25,151.08,108.77,71.06,13.1,17.7,46,99,130.26
2018-04-26,158.91,116.02,68,12.3,18.7,59,79,130.28
2018-04-27,145.25,119.45,66.32,13.6,20.5,34,88,128.72
2018-04-28,137.28,118.77,63.86,13.4,19.3,58,95,126.08
2018-04-29,133.41,117.94,61.98,14.9,18.6,67,90,126.07
2018-04-30,132.7,120.22,63.19,17.6,25,58,89,125.65
2018-05-01,129.84,117.09,63.46,16.6,24.9,62,93,124.66
2018-05-02,131.69,120.27,66.53,13.6,23.9,62,98,124.41
2018-05-03,177.3,115.01,67.86,12.8,18.6,51,76,125.97
2018-05-04,131.18,120.44,67.22,12.4,19.7,19,61,125.36
2018-05-05,133.71,114.07,61.13,14.2,22.3,19,58,125.65
2018-05-06,129.22,80.38,61.55,17.9,23.4,62,98,120.98
2018-05-07,131.68,114.16,62.69,15.6,18.1,83,99,124.83
2018-05-08,149.58,109.5,64.51,14.9,17.9,67,90,128.58
2018-05-09,152.16,112.58,64.78,14.1,17.7,57,76,128.99
2018-05-10,150.52,113.47,66.11,14,18.3,65,84,127.54
2018-05-11,153.79,110.78,61.16,12.2,21.3,45,76,127.95
2018-05-12,130.36,113.91,60.43,19.2,24.4,53,83,124.47
2018-05-13,152.86,80.7,60.61,15,21.5,77,99,122.69
2018-05-14,148.5,116.85,63.13,15.1,22.4,53,97,129.57
2018-05-15,153.76,118.78,63.72,18.1,26.2,53,90,128.76
2018-05-16,151.16,115.85,67.37,21.5,28.9,64,90,128.5
2018-05-17,153.96,115.02,69.54,23,29.2,63,91,127.86
2018-05-18,153.75,114.09,66.97,17.3,27.1,68,99,131.27
2018-05-19,155.13,81.54,61.92,15.7,17.6,67,99,126.92
2018-05-20,138.67,66.54,61.66,15.3,17.7,63,86,105.71
2018-05-21,146.78,123.53,62.49,15.7,19.5,79,90,130.97
2018-05-22,145.06,120.31,60.36,16.9,26.4,54,94,133.14
2018-05-23,175.9,120.08,64.34,16.2,22.1,54,99,137.1
2018-05-24,171.88,120.35,62.93,14.5,23.6,19,68,145.74
2018-05-25,174.17,120.68,62.86,18,23.2,39,81,134.43
2018-05-26,136.67,124.32,62.04,14.9,22.9,64,96,129.48
2018-05-27,176.45,122.58,61.61,17,22.4,66,94,135.18
2018-05-28,175.69,123.11,64.45,17.8,23.5,75,98,133.92
2018-05-29,171.07,124.93,64.45,19.1,25.5,71,96,138.52
2018-05-30,173.67,124.33,65.18,18.9,23.5,76,99,140.81
2018-05-31,176.69,124.97,62.62,17.1,21.6,54,100,132.31
2018-06-01,152.46,135.39,63.87,16.3,23.1,58,79,144.78
2018-06-02,170.78,126.35,62.74,19.6,24.8,57,77,134.85
2018-06-03,164.63,126.47,61.77,20.5,23.3,51,89,134.25
2018-06-04,166.75,126.21,64.6,19.7,25.4,54,90,141.64
2018-06-05,189.63,126.82,64.38,19.2,22.6,74,99,140.21
2018-06-06,164.94,127.09,62.86,18.9,22.3,76,98,134.7
2018-06-07,188.69,112.67,64.56,19.1,23.7,70,97,145.34
2018-06-08,150.57,135.01,63.89,19.2,22.9,74,96,140.51
2018-06-09,148.49,111.48,61.33,19,26.4,59,94,141.16
2018-06-10,189.58,112.71,60.38,18.9,20.8,79,94,142.21
2018-06-11,189.93,130.94,63.24,18,21.4,81,98,144.93
2018-06-12,148.51,133.21,63.02,18.9,23.6,65,98,142.29
2018-06-13,151.1,133.15,62.43,17.9,28.2,53,82,140.6
2018-06-14,166.13,130.71,64.73,19.8,25.1,67,84,144.33
2018-06-15,158.7,127.22,63.37,19.3,23.5,61,87,135.96
2018-06-16,163.96,127.74,61.36,18.4,22.5,59,82,135.25
2018-06-17,164.8,127.43,61.55,18.9,24.2,68,88,139.19
2018-06-18,162.71,126.58,65.28,19.6,23.6,72,93,140.62
2018-06-19,154.82,110.71,66.21,20,23.4,74,98,141.52
2018-06-20,160.69,85.85,66.29,19.7,24.3,72,99,140.43
2018-06-21,159.66,126.09,67.61,20.3,26.6,62,95,146.03
2018-06-22,163.85,130.62,67.33,20.4,25.2,49,93,144.27
2018-06-23,162.2,125.93,63.98,20.1,24.5,66,90,136.96
2018-06-24,163.81,126.45,64.67,20.8,26.7,58,86,137.05
2018-06-25,158.12,126.14,69.63,21.4,26.6,63,84,143.37
2018-06-26,149.9,126.02,77.04,24.3,31.8,57,79,141.39
2018-06-27,150.95,126.45,74.48,24.6,28.8,62,96,142.24
2018-06-28,151.13,125.29,74.48,23.6,28.3,68,99,139.11
2018-06-29,170.55,126.22,73.4,23.5,28.3,74,98,138.47
2018-06-30,186.8,87.17,66.93,22.4,26,83,98,135.26
2018-07-01,189.6,124.2,68.48,22.7,30,71,99,153.22
2018-07-02,181.67,122.39,74.89,24.4,31.2,59,94,148.69
2018-07-03,149.19,130.93,69.55,22.9,25.1,88,97,143.05
2018-07-04,148.23,123.28,75.19,24.2,29.1,67,92,142.34
2018-07-05,157.89,69.48,74.46,23.6,26.3,82,96,132.74
2018-07-06,153.99,67.72,71.7,21.8,24,86,99,139.86
2018-07-07,181.92,68.51,63.2,20.7,22.3,78,89,145.15
2018-07-08,153.47,59.88,63,19.6,22.4,89,99,130.17
2018-07-09,161.81,56.97,73.64,21.1,28.3,75,99,132.78
2018-07-10,172.55,131.08,78.7,24.7,32.2,61,91,153.14
2018-07-11,175.15,127.66,82.91,28.1,34.3,54,81,153.37
2018-07-12,195.16,138.39,83.64,26.1,29.9,72,97,157.29
2018-07-13,162.81,146.84,82.69,25.4,29.1,78,97,154.04
2018-07-14,187.16,138.4,78.97,24.8,29.5,68,96,157.14
2018-07-15,180.81,124.78,78.25,24.6,29.6,72,97,148.33
2018-07-16,173.55,126.72,85.44,24.8,29.1,72,93,154.81
2018-07-17,187.65,134.21,85.99,24.9,29.4,68,96,159.18
2018-07-18,196,122.9,85.51,25.6,29.8,63,85,155.71
2018-07-19,192.66,137.96,86.7,25,30.4,62,86,158.08
2018-07-20,237.49,138.49,88.53,25.9,31.3,54,76,164.65
2018-07-21,188.67,137.9,84.71,25.8,33.8,54,94,156.28
2018-07-22,188.06,137.65,79.81,28.2,30,69,84,153.98
2018-07-23,194.48,138.01,90.07,27.3,33.3,60,83,164.75
2018-07-24,191.64,138.41,89.97,27.7,31.1,66,84,160.71
2018-07-25,193.35,138.39,92.74,27.8,31.5,71,89,158.57
2018-07-26,193.89,141.27,92.05,27.5,31.3,72,89,160.8
2018-07-27,190.02,138.48,93.11,27.5,31.9,64,87,161.61
2018-07-28,193.6,137.79,88.82,27.5,30.8,75,90,155.69
2018-07-29,195.26,136.9,86.99,27.3,32.5,73,94,154.16
2018-07-30,183.46,130.52,88.39,28.1,30.9,71,86,157.47
2018-07-31,189.61,138.33,89.98,26.5,31.5,65,90,161.64
2018-08-01,191.07,141.6,92.4,26.3,32.3,65,88,162.28
2018-08-02,192.35,141.75,92.27,26.8,31,65,94,162.43
2018-08-03,189.78,141.77,89.04,28.2,33.4,57,86,161.79
2018-08-04,195.55,142.01,88.3,27.8,31.6,72,90,162.27
2018-08-05,188.12,141.66,87.44,27.5,33.3,68,88,157.76
2018-08-06,182.5,140.03,94.94,28.2,32,67,88,166.06
2018-08-07,194.44,141.77,94.05,28,31.5,68,86,159.01
2018-08-08,192.27,141.81,93.7,26.9,31.4,62,86,166.09
2018-08-09,183.46,141.77,93.81,27.6,32.4,61,95,166.85
2018-08-10,195.84,141.77,94.18,27.5,32.1,72,88,163.26
2018-08-11,195.58,141.87,86.47,27.9,31.9,63,88,159.61
2018-08-12,172.46,141.67,85.67,26.1,32.6,63,99,156.64
2018-08-13,190.77,136.36,94.15,28.8,33.8,50,82,166.37
2018-08-14,193.17,141.77,94.66,29,34.4,46,70,164.43
2018-08-15,194.22,141.68,90.4,27.9,32.4,60,93,163.58
2018-08-16,195.4,141.45,85.75,26.5,28.8,83,94,159.37
2018-08-17,195.1,141.81,76.87,24.6,28,63,95,159.15
2018-08-18,180.96,142.06,75.66,24.5,30,60,78,157.84
2018-08-19,188.58,141.97,78.31,24.8,32.2,56,82,150.05
2018-08-20,193.76,140.67,85.18,27.5,31.8,63,79,160.14
2018-08-21,178.02,139.98,85.92,25.1,30.2,60,83,156.51
2018-08-22,180.84,140.76,84.2,26.2,29.7,66,93,151.56
2018-08-23,186.53,133.68,71.37,25.7,28.5,71,98,154.32
2018-08-24,182.2,136.66,78.36,25,29.4,72,96,161.45
2018-08-25,152.62,140.98,77.62,24.9,30.5,71,98,146.93
2018-08-26,181.71,140.6,77.68,26.1,31.6,63,98,152.21
2018-08-27,174.47,140.21,86.16,26.5,31.2,65,90,158.96
2018-08-28,188.05,137.36,85.52,26.2,30,71,89,160.68
2018-08-29,182.67,133.71,85.31,25.4,33.5,57,90,160.84
2018-08-30,174.29,134.14,87.98,26,34.4,53,89,159.08
2018-08-31,173.88,130.84,87.9,26.6,33,55,87,157.16
2018-09-01,191.98,138.09,77.7,23.4,28.9,69,97,159.37
2018-09-02,192.16,144.57,75.6,22.7,28,75,97,160.98
2018-09-03,184.94,146.21,80.97,24.3,30.7,70,95,164.31
2018-09-04,197.9,144.31,77.07,23.7,28.4,70,93,167.35
2018-09-05,182.72,142.5,76.07,23.4,30.3,45,83,165.95
2018-09-06,183.49,145.52,74.66,24.6,28.4,59,80,163.21
2018-09-07,187.05,143.98,72.23,21.2,26.7,71,98,160.74
2018-09-08,182.17,146.63,64.52,19.9,24.5,50,77,163.1
2018-09-09,192.99,134.33,64.55,19.3,26,51,77,160.6
2018-09-10,181.2,142.27,66.27,20.5,24.9,50,81,164.46
2018-09-11,159.39,136.48,67.07,21.4,23.7,60,87,153.44
2018-09-12,161.79,140.2,70.07,21.6,24.7,82,96,154.31
2018-09-13,182.81,88.82,69.73,21.6,24.2,95,100,159.42
2018-09-14,164.46,88.86,73.81,23.1,27.4,82,100,152.8
2018-09-15,202.18,146.58,71.67,23.5,27.5,79,98,156.98
2018-09-16,192.15,59.25,70.28,23.1,28.1,72,89,149.37
2018-09-17,165.94,57.35,71.83,23.4,27.2,65,90,142.54
2018-09-18,175.98,136.16,71.48,23.4,27.2,50,87,161.28
2018-09-19,202.38,148.84,69.06,21.4,24.7,46,82,164.38
2018-09-20,202.36,148.84,75.67,22.7,27,80,98,168.13
2018-09-21,173.15,154.78,75.01,23.4,27.2,80,99,163.15
2018-09-22,202.69,155.17,67.86,22.4,27,53,87,168.32
2018-09-23,181.03,148.72,64.43,21.4,28.5,40,81,166.88
2018-09-24,202.45,148.72,55.95,19.9,23.5,53,66,159.74
2018-09-25,203.75,148.72,59.69,19.4,23.2,44,68,163.38
2018-09-26,181.36,148.72,62.48,20.9,24,61,81,165.43
2018-09-27,174.3,156.65,64.55,18.7,23.5,62,79,164.26
2018-09-28,197.92,148.84,65.37,19.5,23.8,69,82,172.56
2018-09-29,198.46,148.66,62.83,18.6,22.3,72,90,169.26
2018-09-30,200.6,148.72,61.44,20.5,24.9,52,80,162.18
2018-10-01,177.51,145.83,63.94,20.1,23.4,48,65,162.93
2018-10-02,179.15,145.83,64.02,18,23.3,47,65,160.02
2018-10-03,195.92,144.98,62.83,16.6,21.7,50,70,156.42
2018-10-04,155.12,144.99,64.79,18,21.9,61,90,149.29
2018-10-05,184.71,146.21,66.22,20.7,22.9,94,100,156.58
2018-10-06,185.08,145.8,61.61,19.9,24.5,81,99,156.5
2018-10-07,201.46,146.03,60.22,18.8,23.3,54,86,151.21
2018-10-08,185.02,145.6,63.3,17.1,21.6,38,67,156
2018-10-09,186.79,145.86,63.08,17.5,22.2,55,78,156.04
2018-10-10,186.37,146.26,63.75,16.5,20.2,53,79,155.69
2018-10-11,183.1,145.68,63.92,15.4,18.2,51,65,163.67
2018-10-12,182.72,145.83,63.89,13.6,17.7,46,63,163.03
2018-10-13,153.3,145.78,62.78,11.8,18.3,50,72,147.91
2018-10-14,201.46,145.25,62.41,13.2,19.7,64,84,152.53
2018-10-15,191.45,145.81,64.62,17.1,20.2,46,86,159.02
2018-10-16,173.94,145.14,65.52,14.1,19.3,53,78,158.66
2018-10-17,180.46,145.86,64.91,13.2,19.7,46,76,164.75
2018-10-18,182.92,145.83,65.57,15.3,18.4,45,70,165.93
2018-10-19,180.63,145.83,64.94,13.1,19.2,49,72,163.96
2018-10-20,186.22,145.25,63.03,12.7,19.8,48,71,158.1
2018-10-21,182.81,145.15,61.18,13.9,20.2,54,72,159.32
2018-10-22,196.46,145.73,65.5,14.5,20.3,56,85,163.55
2018-10-23,201.17,144.86,64.52,16.5,21.3,61,84,162.86
2018-10-24,175.53,145.42,64.4,14,19,53,73,162.01
2018-10-25,173,145.83,64.21,11.7,22.5,50,74,160.86
2018-10-26,200.68,145.65,64.43,17.2,21.2,52,93,164.69
2018-10-27,174.85,145.56,62.45,14.5,17,45,55,160.75
2018-10-28,201.49,145.69,61.19,13.2,20.6,41,67,159.61
2018-10-29,195.83,145.83,64.8,15.3,21.6,30,66,162.77
2018-10-30,187.53,145.83,65.53,13.6,16.7,54,71,155.85
2018-10-31,201.43,146.24,65.95,11.8,16.8,39,65,157.79
2018-11-01,203.85,154.32,66.26,11.5,16.1,46,66,168.74
2018-11-02,171.9,142.44,65.76,9.9,17.9,52,75,161.82
2018-11-03,177.65,141.48,63.87,11.5,18.1,52,71,163.33
2018-11-04,179.9,141.9,62.7,12.4,19.2,42,73,165.42
2018-11-05,205.86,145.81,65.79,10.6,18.4,48,73,168.12
2018-11-06,204.17,144.71,66.14,13.2,19.7,54,80,168.46
2018-11-07,193.55,149.94,65.59,16.1,18.4,76,94,161.39
2018-11-08,187.11,149.94,66.9,15.2,20.2,70,95,160.19
2018-11-09,180.57,149.94,66.77,11.8,16.7,59,79,163.48
2018-11-10,185.79,149.58,64.49,9.8,17.5,55,81,166.77
2018-11-11,167.48,100.04,62.92,10.7,17.7,52,91,152.12
2018-11-12,184.04,133.73,67.05,13.1,15.4,53,93,165.63
2018-11-13,185.26,143.01,67.35,12.5,15.5,52,69,162.92
2018-11-14,190,147.26,68.11,10.3,15.6,57,73,164.99
2018-11-15,182.36,141.48,66.41,11.4,18.6,61,78,159.4
2018-11-16,171.31,101.11,67.26,14,17.1,61,92,154.59
2018-11-17,172.02,99.67,66.29,10.3,15.1,37,79,156.76
2018-11-18,166.53,95.48,66.14,9.8,14.2,39,64,148.43
2018-11-19,161.95,134.92,69.59,11.9,15.2,40,65,154.05
2018-11-20,163.5,147.68,70.5,10.5,15.4,32,65,156.51
2018-11-21,160.43,144.61,69.77,10.2,16.7,36,82,154.65
2018-11-22,169.43,146.41,73.43,8.7,13.3,48,71,156.96
2018-11-23,206.5,149.07,73.38,7.6,12.3,47,62,162.23
2018-11-24,177.86,102.11,67.55,9.1,18.8,45,71,152.31
2018-11-25,183.49,98.81,66.51,10.9,15.5,62,81,153.78
2018-11-26,165.59,99.82,69.48,10.5,18.1,66,84,154.21
2018-11-27,163.26,139.53,69.31,11.8,16.3,55,86,155.4
2018-11-28,204.02,140.26,71.08,10,15.6,35,82,163.78
2018-11-29,204.23,144.53,70.04,8.6,17.2,47,74,162.1
2018-11-30,185.96,149.17,69.44,10.1,15.9,45,71,164.16
2018-12-01,189.08,106.18,67.57,11.4,15.6,41,79,169.49
2018-12-02,193.06,88.98,64.17,13.9,20.4,69,93,161.04
2018-12-03,196.23,160.5,67.14,17.2,21.7,74,98,173.87
2018-12-04,194.37,140.39,70.67,11,17.4,54,98,175.42
2018-12-05,196.52,142.83,73.29,8.3,11.1,51,71,170.85
2018-12-06,219.62,155.96,75.18,8.3,12.3,61,93,174.03
2018-12-07,216.15,156.96,81.61,3,10.3,62,80,178.78
2018-12-08,217.74,151.6,80.06,2.7,6.1,51,79,168.4
2018-12-09,195.18,89.28,78.29,2.9,4.6,45,67,168.12
2018-12-10,201.14,154.04,79.78,4.7,9.9,42,67,176.1
2018-12-11,219.71,152.11,79.03,7.4,10,68,97,170.77
2018-12-12,194.73,148.38,84.42,5.9,9,54,87,175.2
2018-12-13,219.21,151.06,83.11,6.1,9.1,50,64,174.66
2018-12-14,199.22,149.14,83.54,4.8,7,54,65,173.6
2018-12-15,198.86,161.02,79.37,2.1,8.9,42,66,173.94
2018-12-16,175.56,151.39,74.17,6.8,10.7,62,93,166.51
2018-12-17,177.14,161.58,82,9.9,11.2,41,69,166.48
2018-12-18,201.05,161.49,80.85,8,11.5,46,59,172.24
2018-12-19,176.76,161,73.9,8.5,17.6,45,62,167.02
2018-12-20,218.66,155.58,76.57,11.7,15.8,49,95,168.83
2018-12-21,216.32,149.78,71.74,12.9,16.7,84,93,173.92
2018-12-22,177.75,103.24,71.11,11.6,15.3,64,91,163.91
2018-12-23,198.5,147.55,74.77,7.7,12.1,42,93,170.15
2018-12-24,214.49,160.5,80.25,5,8,55,65,170.59
2018-12-25,191.42,147.53,74.63,3.9,10,37,78,169.78
2018-12-26,205.36,161.71,80.19,7.3,9.5,48,79,172.32
2018-12-27,208.27,161.88,89.53,1.6,6.8,50,69,174.74
2018-12-28,214.13,161.88,90.76,0.8,2.9,53,88,180.16
2018-12-29,209.51,152.53,86.13,1.8,3.7,56,72,171.66
2018-12-30,200.64,159.99,84.29,2.1,3.9,57,72,175.13
2018-12-31,211.99,104.37,85.75,3.5,5.2,52,66,170.41
2019-01-01,168.22,71.64,81.11,4.8,6.6,49,66,138.28
2019-01-02,192.93,142.55,90.17,4.6,5.9,57,65,158.79
2019-01-03,183.19,145.41,87.34,3.6,7.7,45,66,155.71
2019-01-04,175.35,142.88,85.2,2.8,9.9,63,93,157.04
2019-01-05,164.41,106.06,83.75,5.7,8.7,54,94,147.77
2019-01-06,192.13,100.08,82.32,4.7,7.4,56,69,152.83
2019-01-07,193.97,140.41,85.12,3.2,8.2,56,73,160.03
2019-01-08,190.67,146.52,88.68,4.5,8.2,58,68,153.94
2019-01-09,193.5,146.75,88.52,2.3,5.8,50,63,160.34
2019-01-10,192.45,144.49,86.79,5.6,7.8,58,71,161.03
2019-01-11,192.51,138.01,83.32,5.9,9.2,62,85,158.77
2019-01-12,192.24,138.99,80.81,8.2,10.1,51,94,160.42
2019-01-13,192.73,99.82,81.62,6.7,9.3,58,72,155.67
2019-01-14,188.16,132.94,83.8,5.7,9.2,61,70,159.58
2019-01-15,192.02,145.62,87.05,4.1,9.5,51,71,159.06
2019-01-16,190.29,146.36,93.47,2.2,3.9,59,68,162
2019-01-17,190.62,145.95,91.6,4,6.3,51,63,161.14
2019-01-18,192.89,146.36,86.66,4.1,9.6,53,74,157.9
2019-01-19,181.87,142.17,79.6,4,12.5,63,88,158.5
2019-01-20,183.54,99.68,84.96,4.2,11.7,54,90,151.87
2019-01-21,190.33,142.64,88,4,7.8,52,64,162.12
2019-01-22,191.35,142.51,86.77,6.3,10.5,45,64,159.34
2019-01-23,189,131.17,86.03,6.8,11.4,43,67,159.2
2019-01-24,190.28,144.51,85.09,3.7,9,43,66,161.19
2019-01-25,187.64,141.19,87.41,3.8,9.2,47,70,161.04
2019-01-26,193.46,144.19,89.98,3.1,5.6,44,66,158.62
2019-01-27,181.53,139.31,84.16,2.5,8.2,51,68,154.61
2019-01-28,191.86,110.86,87.08,5.4,10.3,49,63,159.11
2019-01-29,189.75,133.91,84.98,3.1,9,54,73,163.04
2019-01-30,182.75,109.43,82.15,6.8,9.5,61,76,155.18
2019-01-31,194.05,110.62,91.6,3.4,8.1,61,93,156.54
2019-02-01,159.88,116.4,87.95,3.5,6.2,50,67,133.5
2019-02-02,168.75,110.92,79.2,5,11.5,49,64,136.94
2019-02-03,166.91,61.72,73.06,8.9,18.3,61,94,134.62
2019-02-04,169.52,114.13,78.3,5.3,9.3,32,81,131.18
2019-02-05,142.88,53.16,73.45,4.3,13.4,49,63,121.25
2019-02-06,160.1,61.72,72.49,9.5,14.9,50,76,129.16
2019-02-07,166.84,125.04,85.25,2.5,12.1,56,96,136.11
2019-02-08,165.46,124.76,85.17,1.6,5,46,70,139.99
2019-02-09,164,122.58,89.63,1.7,4.7,54,83,140.41
2019-02-10,166.69,126.75,84.03,2.1,4.2,51,62,142.92
2019-02-11,164.14,125.04,90.72,3.2,4.3,56,69,141.05
2019-02-12,169.2,125.04,85.78,1.1,8.1,43,72,137.83
2019-02-13,169.54,125.04,87.79,5.8,8.5,39,58,136.21
2019-02-14,163.19,120.66,88.15,4.4,6.9,51,69,132.76
2019-02-15,167.55,125.04,87.68,4.3,7.7,59,89,135.95
2019-02-16,160.64,113.9,87.13,3.2,6.8,59,70,135.76
2019-02-17,161.83,120.63,84.73,3.2,6.3,52,66,135.17
2019-02-18,168.05,125.04,84.23,3,9.4,49,89,137.37
2019-02-19,169.4,116.8,82.39,6.4,12.5,78,96,133.36
2019-02-20,169.47,125.04,82.82,4.9,9.1,59,81,136.44
2019-02-21,161.36,125.04,83.36,5.7,8.6,53,69,138.76
2019-02-22,169.54,124.51,82.92,6.5,10.7,63,83,136.38
2019-02-23,161.67,121.11,77.61,4.4,13.2,54,75,141.01
2019-02-24,165.33,89.7,77.16,8.7,13.5,40,69,133.31
2019-02-25,169.01,116.84,80.1,7.8,12.5,35,72,141.62
2019-02-26,168.62,129.77,81.53,5.6,11.4,42,61,142.52
2019-02-27,167.08,121.24,81.95,9.5,11.8,57,91,140.02
2019-02-28,165.83,113.07,80.93,8.4,12.4,47,86,135.37
2019-03-01,168.66,123.69,79.3,6.4,11.8,42,78,142.02
2019-03-02,169.58,91.06,77.48,7.5,14.2,53,78,130.13
2019-03-03,154.97,93.03,75.37,10.6,12.9,55,91,127.65
2019-03-04,169.3,123.32,80.49,8.7,11.8,60,86,133.49
2019-03-05,169.66,123.8,78.36,6.4,12.8,42,78,133.66
2019-03-06,169.37,123.8,79.71,8.7,13.2,62,91,134.74
2019-03-07,165.81,123.54,84.43,7.6,10.4,59,86,134.71
2019-03-08,169.37,123.8,81.18,3.8,11.7,54,76,132.78
2019-03-09,131.04,117.21,74.57,6.7,16.1,22,93,126.69
2019-03-10,134.95,108.89,74.93,9.7,12.8,76,96,126.03
2019-03-11,165.54,123.8,79.97,7.2,13.1,62,83,133.41
2019-03-12,168.41,118.09,78.78,6.5,15.4,43,77,130.22
2019-03-13,163.47,123.8,84.49,5.3,11.2,37,60,143.1
2019-03-14,168.8,123.8,83.09,7.2,13.3,28,63,139.75
2019-03-15,182.9,114.23,81.55,6.3,15.3,41,74,150.07
2019-03-16,172.69,127.13,79.1,6.1,13.7,26,64,152.46
2019-03-17,163.14,120.66,77.48,8.7,13.9,39,85,145.13
2019-03-18,178.86,117.41,79.39,7.1,13.9,43,77,151.62
2019-03-19,174.06,118.34,76.91,9.3,15.6,56,83,150.87
2019-03-20,180.31,117.47,73.5,10.4,21.2,39,83,151.11
2019-03-21,168.85,114.17,76.61,7.7,19.9,71,94,147.59
2019-03-22,167.19,125.66,82.27,6.4,10.4,51,74,152.1
2019-03-23,174.46,117.71,82.29,6.6,11.3,45,61,149.78
2019-03-24,170.95,114.91,79.88,3.8,10.6,46,62,147.13
2019-03-25,176.15,117.6,80.02,6.5,12.9,42,62,150.11
2019-03-26,171.49,120.48,77.48,10.2,16.4,55,79,143.25
2019-03-27,171.97,114.79,72.94,10.4,21.3,32,62,139.69
2019-03-28,178.56,114.12,73.05,12.8,17,63,91,148.23
2019-03-29,179.08,115.26,72.72,12.2,16.4,40,87,149.46
2019-03-30,168.35,109.51,79.13,8.1,14.5,47,80,149.03
2019-03-31,168.35,117.66,81.4,7.2,10.4,35,56,149.14
2019-04-01,217.93,134.52,80.91,7.2,13.1,30,62,147.73
2019-04-02,179.62,127.09,81.04,9,13.4,40,83,148.66
2019-04-03,218.06,119.83,81.98,6.9,14.4,25,57,147.43
2019-04-04,181.52,122.51,77.88,6.2,14.4,38,55,145.53
2019-04-05,160.92,136.04,75.43,12,17.8,33,86,146.23
2019-04-06,165.45,115.83,72.17,11.2,19.9,57,87,146.13
2019-04-07,165.8,125.14,68.16,13.5,20.7,53,90,142.17
2019-04-08,182.16,120.05,71.92,11.8,18,28,98,145.95
2019-04-09,221.96,123.01,73.71,14.2,16.9,37,94,151.2
2019-04-10,224.71,127.39,78.43,9.7,14.2,74,96,153.01
2019-04-11,217.69,126.61,76.96,9.8,12.9,69,82,150.53
2019-04-12,180.36,136.8,77.04,9.5,15.9,43,74,146.84
2019-04-13,176.47,129.7,74.11,9.6,17,42,64,156.28
2019-04-14,181.61,127.21,73.36,11.1,16.6,55,83,147.16
2019-04-15,181.48,135.35,74.73,9.2,16.6,17,58,148.11
2019-04-16,157.53,136.49,69.44,11.1,25,16,68,144.93
2019-04-17,162.6,136.49,73.39,14.3,18.1,64,76,147.63
2019-04-18,181.74,136.34,70.74,12.3,20.9,58,83,145.67
2019-04-19,181.48,135.42,67.73,14.4,21.3,63,84,147.53
2019-04-20,155.26,124.68,69.22,14.6,19.5,65,86,144.4
2019-04-21,163.95,126.77,64.02,15.2,22.8,44,88,147.07
2019-04-22,164.52,136.96,65.73,16.6,22.6,55,86,148.23
2019-04-23,160.84,125.42,67.18,17.5,21.6,59,96,147.19
2019-04-24,164.66,126.48,66.42,15.9,20.8,71,94,146.58
2019-04-25,164.3,139.15,66.63,14.3,17.3,82,98,147.04
2019-04-26,156.61,136.8,73.65,11.5,15.9,66,96,145.24
2019-04-27,225.06,136.46,70.14,11.7,16.3,50,81,149.72
2019-04-28,164.56,127.99,66.8,12.6,17.4,48,85,146.72
2019-04-29,165.41,135.97,70.28,14.5,19.5,78,98,146.38
2019-04-30,160.79,136.63,68.97,14.6,17,82,98,147.02
2019-05-01,146.05,133.43,68.46,12.6,18.2,51,92,139.95
2019-05-02,179.02,136.56,69.78,13.2,20.4,27,71,147.09
2019-05-03,180.46,134.72,69.67,16.2,21.9,26,86,145.75
2019-05-04,182.81,133.33,66.6,15,23,32,80,143.88
2019-05-05,150.07,133.1,66.23,17,21.8,34,75,139.69
2019-05-06,183.65,136.86,68.31,13.8,18.6,39,85,143.51
2019-05-07,143.93,133.43,70.67,12.9,18.4,32,63,138.94
2019-05-08,184.71,133.43,66.53,12.1,18.9,27,57,142.56
2019-05-09,183.37,133.43,69.18,14.8,19.9,36,54,142.51
2019-05-10,176.16,133.43,68.22,14.5,20.3,33,62,145.78
2019-05-11,176.62,132.99,66.55,15.4,22.2,30,64,141.83
2019-05-12,151.15,130.2,64.82,15.8,21,36,77,139.58
2019-05-13,147.45,132.47,65.82,17.7,23.6,53,94,141
2019-05-14,182.57,133.13,66.88,18.6,23.1,66,90,142.65
2019-05-15,226.1,133.43,67.16,17.1,26.4,34,96,163.91
2019-05-16,184.2,133.43,67.45,18.1,27.7,44,74,147.22
2019-05-17,184.95,133.43,65.81,18.5,26,45,93,145.18
2019-05-18,178.17,132.62,62.51,18.2,23,83,98,145.17
2019-05-19,183.54,132.9,62.95,19,26.1,70,92,147.62
2019-05-20,179.09,133.43,66.67,15.4,19.2,45,98,147.84
2019-05-21,183.25,133.43,65.77,14.5,22.4,25,67,144.42
2019-05-22,146.41,133.43,65.9,19.7,27.1,16,49,139.72
2019-05-23,148.98,132.63,66.7,22.4,30.5,12,40,141.28
2019-05-24,185.3,132.09,67.01,24.8,32.5,13,28,142.97
2019-05-25,180.17,129.27,65.02,21.7,27,16,64,149.16
2019-05-26,178.79,127.7,62.88,20.6,24.7,55,72,143.77
2019-05-27,175.65,129.23,67.05,16,25,62,98,145.98
2019-05-28,178.92,131.59,64.06,15.7,21.7,41,86,149.97
2019-05-29,175.48,134.08,65.99,19.2,26.4,24,72,148.34
2019-05-30,180.1,132.29,65.02,18.2,25.4,34,70,147.88
2019-05-31,180.46,133.22,63.97,16.2,21.3,42,87,145.36
2019-06-01,193.34,129.06,63.03,16.1,22.2,61,87,145.29
2019-06-02,159.37,131.11,63.08,17.9,23.2,53,89,141.84
2019-06-03,150.7,133.94,65.43,18,23.9,38,73,142.62
2019-06-04,240.07,132.54,67.49,19.7,27.7,62,90,162.13
2019-06-05,232.18,133.15,67.27,19.7,25.8,49,94,173.58
2019-06-06,239.85,136.87,67.86,19.2,27.7,70,95,156.12
2019-06-07,236.19,131.95,64.21,18.3,25.1,81,93,169.61
2019-06-08,186.16,129.73,63.27,17.6,22.4,75,97,150.12
2019-06-09,190.01,128.08,62.54,17.2,23,54,92,145.95
2019-06-10,193.05,131.68,63.91,17.6,24.4,57,90,154.07
2019-06-11,192.37,133.84,65.17,18.7,22.2,58,83,144.27
2019-06-12,191.21,135.75,65.25,17.7,22.4,65,92,145.67
2019-06-13,193.42,133.48,66.2,17.6,27,50,91,153.81
2019-06-14,187.75,133.3,64.98,17.6,21.3,78,98,151.72
2019-06-15,188.48,134.46,63.43,18.2,21.8,75,97,146.89
2019-06-16,188.45,130.31,62.72,18.8,23.3,66,89,145.13
2019-06-17,235.98,135.17,65.36,17.9,22.4,72,84,187.17
2019-06-18,238,137.84,65.82,20.6,23.3,58,92,207.73
2019-06-19,237.75,140.51,66.68,19.6,23.9,69,94,211.85
2019-06-20,241.07,172.61,67.32,20,23.9,73,93,214.56
2019-06-21,239.23,174.81,67.39,20.5,25.5,60,93,214.8
2019-06-22,242.02,137.49,65.42,20,24.8,71,92,196.74
2019-06-23,233.26,132.05,64.12,19.4,23.4,69,91,181.62
2019-06-24,238.93,132.05,66.52,19.1,24.1,64,84,184.91
2019-06-25,235.21,137.23,67.01,19.4,28.2,40,90,170.25
2019-06-26,191.36,138.5,70.62,19.9,24.8,55,100,157.31
2019-06-27,162.5,135.26,70.26,22.3,25.9,81,99,151.08
2019-06-28,191.07,136.85,70,21.1,25.1,69,95,154.48
2019-06-29,192.26,135.92,72.63,22.7,29.5,75,95,153.88
2019-06-30,192.26,139.62,67.55,21.6,25.2,75,99,152.35
2019-07-01,191.46,149.58,71.52,22.4,25.5,82,97,160.04
2019-07-02,198.15,152.23,69.86,22,24.9,72,93,157.4
2019-07-03,161.09,152.25,69.33,21.7,24.1,76,92,155.5
2019-07-04,195.17,149.58,70.42,20.6,25.1,72,95,164.76
2019-07-05,197.41,152.23,70.61,21.7,26.2,52,90,157.6
2019-07-06,196.48,149.5,68.56,20.9,26.7,63,93,160.09
2019-07-07,193.29,149.4,65.37,22.2,25.8,66,88,159.54
2019-07-08,247.87,149.58,67.86,20.9,22.6,79,93,187.12
2019-07-09,167.33,150.88,68.43,21,23.3,73,96,156.87
2019-07-10,160.36,152.41,69.5,20.6,21.9,88,100,157.51
2019-07-11,161.19,149.58,70.13,20.7,26,77,100,155.71
2019-07-12,167.08,149.58,70.37,21.7,25.2,77,94,158.54
2019-07-13,172.13,149.5,66.27,20.6,22.9,87,98,156.47
2019-07-14,170,149.4,69.22,21.6,26.6,77,96,158.25
2019-07-15,163.47,149.26,72.48,22.3,26.1,76,97,157.7
2019-07-16,160.55,152.1,73.21,22.4,26.6,62,90,155.77
2019-07-17,197.86,149.58,75.92,23,27.7,70,100,159.14
2019-07-18,250.98,151.56,73.2,23.1,25.2,92,100,175.32
2019-07-19,187.16,150.61,75.87,22.6,25.1,96,100,172.2
2019-07-20,193.13,150.07,70.26,24.6,27.6,76,97,160.55
2019-07-21,189.26,149.4,74.05,25.1,29.7,68,92,160.63
2019-07-22,248.9,149.58,81.4,24.4,31.8,65,100,174.43
2019-07-23,194.51,149.97,82.75,24.7,30.2,70,99,167.3
2019-07-24,189.78,149.88,83.35,26.1,30.4,69,90,168.8
2019-07-25,245.57,149.58,85.37,26.2,30.8,74,94,188.49
2019-07-26,599.28,149.58,86.26,25.4,30.3,75,98,184.8
2019-07-27,158.52,131.91,82.91,26.6,30.2,78,97,153.05
2019-07-28,172.18,147.07,83.66,27.2,31.7,65,88,156.41
2019-07-29,166.63,148.73,89.53,26.5,31.2,60,83,157.88
2019-07-30,198.61,147.11,93.28,27.4,35.2,50,82,160.05
2019-07-31,192.15,146.2,93.33,28.1,32,67,85,163.09
2019-08-01,171.92,150.57,93.97,27.4,32,72,92,164.78
2019-08-02,176.69,150.68,92.73,26.8,30.3,71,94,163.05
2019-08-03,172.69,149.49,86.5,25.6,31.5,59,92,162.28
2019-08-04,175.91,149.38,86.89,26.8,29.9,75,91,160.94
2019-08-05,233.37,149.81,90.65,25.6,30.9,65,90,173.78
2019-08-06,230.47,149.56,92.51,26.2,31,60,90,177.38
2019-08-07,233.62,149.56,95.82,27,33.9,58,78,181.13
2019-08-08,230.02,152.3,96.54,28.2,34.1,54,86,181.09
2019-08-09,232.85,151.88,92.95,27.8,32.8,57,89,179.34
2019-08-10,234.57,149.49,86.02,28.9,30.6,65,77,171.37
2019-08-11,171.77,152.26,84.5,27.9,29.4,72,90,160.17
2019-08-12,232.21,149.56,91.15,27.3,33.2,63,96,174.33
2019-08-13,231.05,149.56,94.01,27,30.9,68,93,174.1
2019-08-14,177.13,149.56,92.76,26.9,31.2,71,94,164.25
2019-08-15,236.72,149.38,83.14,26.5,27.9,80,95,171.91
2019-08-16,176.03,149.73,85.45,25.9,30.1,65,92,163.58
2019-08-17,178.35,149.51,85.26,25.8,32.5,52,80,162.44
2019-08-18,176.51,149.28,79.04,26.3,28.8,57,91,159.75
2019-08-19,179.48,148.18,84.16,24.8,28.5,70,88,164.33
2019-08-20,173.74,149.56,87.23,25.8,29,80,95,161.4
2019-08-21,175.67,150.11,88.93,25.8,30.9,70,92,164.1
2019-08-22,177.52,149.56,89.48,26.1,30.7,74,96,162.48
2019-08-23,174.97,149.56,84.42,26.2,29.9,57,90,161.02
2019-08-24,180.8,151.51,76.74,25.3,28.6,43,74,161.28
2019-08-25,176.11,151.16,72.08,23.6,27.4,52,76,160.93
2019-08-26,174.93,149.56,81.03,23.5,28.1,74,91,162.1
2019-08-27,178.22,152.35,86.55,24.7,30.4,75,98,161.24
2019-08-28,178.9,151.81,80.11,23.2,26.8,76,98,161.82
2019-08-29,172.24,151.45,73.5,21.5,24.8,73,98,163.09
2019-08-30,174.11,149.56,73.48,22.8,28.2,53,92,165.24
2019-08-31,176.95,151.12,72.24,20.8,27.8,53,74,161.38
2019-09-01,185.02,162.75,68.53,20.6,26.2,60,98,168.05
2019-09-02,190.04,161.59,77.45,21.9,26.4,81,99,169.32
2019-09-03,186.95,159.49,77.69,22.6,26.1,87,98,169.06
2019-09-04,226.51,159.32,75.84,24,26.7,80,99,180.7
2019-09-05,219.42,156.8,79.59,23.7,29.7,73,96,181.7
2019-09-06,187.07,160.34,78.08,25.3,28.4,79,98,173.46
2019-09-07,190.6,159.16,73.42,24.9,30.1,65,93,166.85
2019-09-08,181.68,159.35,71.04,23.5,26.1,88,99,167.43
2019-09-09,187.5,160.15,80.2,23.7,28.5,81,99,167.3
2019-09-10,191.13,157.37,80.41,24.2,29.3,64,95,166.34
2019-09-11,174.33,161.79,79.41,24.1,28.5,77,99,164.68
2019-09-12,190.1,156.47,67.16,23.4,25,77,96,165.9
2019-09-13,171.49,153.09,62.04,22.2,26.6,66,85,163.48
2019-09-14,186.38,159.41,67.73,21.8,26.3,58,88,168.55
2019-09-15,190.17,156.59,71.33,22.9,26.2,79,91,166.6
2019-09-16,172.59,159.69,74.87,23.6,26.5,74,92,168.8
2019-09-17,174.29,158.95,71.66,22.1,25.4,59,84,167.1
2019-09-18,174.09,160.95,71.15,20.8,27.3,56,81,167.77
2019-09-19,177.83,161.62,69.44,19.4,25.2,50,81,167.11
2019-09-20,173.29,159.28,68.76,20,24.6,64,83,167.03
2019-09-21,177.19,81.92,64.56,19.3,21.7,77,98,158.94
2019-09-22,183.06,77.57,61.41,19.7,21.4,82,98,164.08
2019-09-23,182.41,160.99,65.95,18.8,23.8,60,87,168.43
2019-09-24,184.92,154.21,66.15,16.8,24.6,48,83,167.83
2019-09-25,175.83,159.41,66.81,18.4,24.7,50,80,166.66
2019-09-26,181.86,160.17,69.96,21.6,27,67,92,167.82
2019-09-27,183.07,81.88,72.16,22.9,25.1,88,100,161.72
2019-09-28,185.84,161.22,73.89,23.1,25.2,93,100,167.86
2019-09-29,174.42,78.32,72.28,22.9,26.1,79,100,161.98
2019-09-30,175.87,160.56,75.9,22.5,25.8,81,98,167.6
2019-10-01,182.38,163.9,73.51,20.9,26.2,80,96,170.75
2019-10-02,178.01,161.01,69.56,20.6,27,76,99,168.01
2019-10-03,187.58,117.52,66.38,21.9,25.3,79,97,166.95
2019-10-04,173.84,161.81,69.97,21.3,25.8,71,87,168.94
2019-10-05,180.4,132.45,64.88,19.1,23,71,89,169.4
2019-10-06,186.57,161.1,64.26,17.1,24.3,64,91,170.99
2019-10-07,180.1,127.61,66.39,20.4,23.5,69,87,164.39
2019-10-08,185.03,134.41,64.88,17.9,23.5,55,76,170.77
2019-10-09,182.27,132.05,64.59,14.3,21,42,66,168.72
2019-10-10,182.04,131.77,66.82,14.1,22.5,39,66,166.69
2019-10-11,182.74,119.81,64.73,17.3,23.7,49,68,158.37
2019-10-12,176.53,165.64,64.23,18.9,24.5,47,80,172.52
2019-10-13,175.61,157.5,62.4,17.1,21.7,51,70,166.51
2019-10-14,188.13,90.93,65.2,16.8,21.8,62,73,161
2019-10-15,183.96,130.22,66.77,15.3,18.9,56,89,166.74
2019-10-16,183.64,128.26,66.3,15.9,21.1,49,77,166.46
2019-10-17,191.62,92.47,66.72,16.3,21.1,56,76,163.73
2019-10-18,191.92,85.84,66.04,18.2,20.4,65,94,162.1
2019-10-19,193.91,62.04,63.52,18.1,22.2,64,93,146.69
2019-10-20,188.88,59.26,63.34,15.6,21.6,62,83,161.69
2019-10-21,192.63,92.27,66.09,17.5,22,54,76,158.68
2019-10-22,192.62,93.25,66.56,18.7,22,64,80,162.16
2019-10-23,187.32,92.76,67.47,19.3,21.5,71,90,150.39
2019-10-24,187.6,92.8,66.48,19.1,21.7,60,94,154.91
2019-10-25,180.79,92.81,66.85,16.9,23.2,55,83,160.69
2019-10-26,183.74,96.28,64.51,15.6,19.4,55,83,140.82
2019-10-27,184.84,96.38,63.31,14.3,18,50,64,148.24
2019-10-28,192.42,97.54,67.14,11.9,18.7,48,74,157.74
2019-10-29,188.74,131.63,66.97,16.2,20.5,44,75,165.8
2019-10-30,190.44,103.54,67.02,14.2,18.9,51,66,145.03
2019-10-31,182.03,103.54,67.3,12.3,20.6,50,69,155.29
2019-11-01,181.95,77.18,67,15.6,21.6,55,80,154.36
2019-11-02,180.73,63.77,63.8,15.8,21.8,60,82,150.42
2019-11-03,181.26,58.68,65.09,15.6,19.8,60,85,132.54
2019-11-04,180.31,77.45,67.49,13.7,20.2,62,84,154.57
2019-11-05,177.61,91.75,65.46,15.7,19.7,59,74,162.17
2019-11-06,180.59,158.45,66.55,12.3,18.7,52,74,166.34
2019-11-07,181.83,162.21,69.32,13.7,18.9,52,69,167.18
2019-11-08,177.69,91.85,67.85,12.9,15.8,53,64,164.59
2019-11-09,183.51,92.65,65.51,12,17.5,44,66,158.2
2019-11-10,182.71,89.23,65.53,10.5,19,54,82,153.95
2019-11-11,179.89,90.34,70.77,15.5,19,51,75,162.04
2019-11-12,185.96,90.34,67.18,12.3,17.3,52,71,157.91
2019-11-13,182.91,89.22,68.44,11.8,18.1,50,82,132.13
2019-11-14,176.15,90.34,71.15,8.4,14.6,41,70,139.1
2019-11-15,171.65,151.17,71.25,7.1,16.6,42,66,163.85
2019-11-16,171.89,157.82,65.56,10.8,21.2,48,79,165.92
2019-11-17,178.36,139.52,65.14,15.3,23.3,56,73,162.87
2019-11-18,170.04,156.79,70.87,11.2,22.6,56,95,165.05
2019-11-19,169.71,84.82,75.21,10,11.7,49,63,161.75
2019-11-20,179.72,84.6,73.61,7.9,11.4,49,66,162
2019-11-21,179.01,84.58,71.39,7.8,16.5,52,76,149.04
2019-11-22,174.09,81.01,68.99,13.9,20.4,62,86,153.25
2019-11-23,178.21,88.6,64.85,14.8,21.3,60,87,136.62
2019-11-24,184.27,89.04,64.51,13.9,19.4,74,98,130.44
2019-11-25,174.25,75.86,74.19,9.4,13.8,57,72,163.62
2019-11-26,166.94,85.96,72.18,9.7,15.3,67,96,160.66
2019-11-27,172.87,85.52,77.38,9.5,14.5,61,87,150.38
2019-11-28,175.26,88.6,75.42,8.9,12.4,56,71,137.97
2019-11-29,178.38,88.6,76.27,7.3,11.9,39,69,142.01
2019-11-30,173.38,86.22,68.88,7,17.5,39,83,137.03
2019-12-01,185.79,135.81,68.66,11.3,15.1,78,97,169.78
2019-12-02,185.55,89.08,78.18,8.1,11.6,51,78,145.26
2019-12-03,194.62,87.79,78.55,7.7,10.3,47,62,139.33
2019-12-04,192.6,88.23,78.25,10.1,13.7,44,57,137.73
2019-12-05,195.16,88.23,83.52,6.5,11.2,45,62,147.1
2019-12-06,197.19,127.92,84.89,3.3,5.8,50,65,164.24
2019-12-07,199.44,88.23,80.8,4.5,9.4,47,62,160.68
2019-12-08,179.37,88.23,74.76,6.4,10.1,52,66,151.54
2019-12-09,176.7,88.23,80.93,6,15.1,47,68,153.32
2019-12-10,191.04,88.23,75.2,8.8,18,43,69,145.43
2019-12-11,180.72,88.23,77.07,9.7,17.6,50,81,148.62
2019-12-12,188.45,88.23,81.14,6,9.9,47,63,141.82
2019-12-13,169.18,88.23,77.47,4.8,12.1,53,78,122.79
2019-12-14,146.9,88.18,75.64,7.2,12.7,46,81,107.72
2019-12-15,152.63,87.63,70.11,6.9,17.3,58,78,109.63
2019-12-16,196.99,88.23,73.9,12.5,17.7,52,71,124.52
2019-12-17,145.51,85.65,73.88,11.3,17.6,72,97,107.8
2019-12-18,146.37,85.57,80.47,7.5,10.9,61,75,113.87
2019-12-19,146.32,85.56,81.56,7,8.7,57,66,115.52
2019-12-20,197.87,85.44,80.89,7,11.1,47,61,113.8
2019-12-21,153.66,83.73,77.5,5.9,9.9,49,69,104.44
2019-12-22,138.02,82.35,76.96,6.9,11.3,53,83,99.62
2019-12-23,144.25,85.57,81.7,6.9,11.8,58,77,99.13
2019-12-24,420.83,84.57,81.29,7.4,11.5,54,71,130.21
2019-12-25,146.35,85.78,73.07,7.3,15,62,86,91.86
2019-12-26,148.89,85.61,82.38,7.6,13.1,66,93,98.85
2019-12-27,204.7,85.47,84.65,5.9,7.2,49,65,138.92
2019-12-28,143.94,89.84,80.27,6.3,9.4,48,65,131.05
2019-12-29,151.05,83.58,72.94,7.5,14.4,66,97,121.39
2019-12-30,149.26,85.85,77.65,7.1,13.5,64,96,111.14
2019-12-31,151.84,87.38,90.01,2,6.3,53,71,121.19
2020-01-01,154.95,84.89,81.3,2.4,6.8,58,69,107.36
2020-01-02,207.32,88.79,80.69,5.7,9.1,62,69,120.82
2020-01-03,152.22,88.79,79.2,7.4,11.1,62,70,115.41
2020-01-04,150.43,79.39,80.59,5.1,11.3,56,75,111.94
2020-01-05,202.96,88.79,77.7,4.6,11.1,46,73,115.54
2020-01-06,149.02,88.79,75.77,10.2,18.7,44,90,114.33
2020-01-07,90.68,84.99,73.05,13.7,23.1,54,92,88.47
2020-01-08,90.57,82.55,86.85,6.9,12.8,59,83,88.71
2020-01-09,152.84,85.83,86.28,6.9,8,62,69,109.34
2020-01-10,204.67,86.89,81.83,4.3,10.5,49,76,113.74
2020-01-11,150.12,79.37,81.19,7,8.8,55,65,109.24
2020-01-12,131.37,79.63,83.29,7,8,48,69,95.92
2020-01-13,201.08,88.79,87.61,6.3,8.1,50,63,131.02
2020-01-14,155.69,86.72,93.73,3.6,6.2,63,91,107.74
2020-01-15,204.29,86.9,91.51,4.8,6.9,54,71,114.96
2020-01-16,211.86,87.06,88.81,4.7,7.9,43,64,123.36
2020-01-17,154.99,86.9,91.36,6.1,8.7,43,58,106.64
2020-01-18,151.04,81.22,87.43,6.3,7.8,52,63,106
2020-01-19,155.32,84.92,83.52,6.2,9.9,51,67,106.77
2020-01-20,152.78,86.49,88.97,7.4,10.5,44,61,112.4
2020-01-21,208.76,87.15,86.26,5.2,10.1,50,63,123.61
2020-01-22,207.03,87.11,83.08,8.7,13.3,56,98,126
2020-01-23,152.37,86.49,75.65,10.6,13.3,76,99,111.6
2020-01-24,152.68,72.64,71.58,9.6,12.6,52,78,95.86
2020-01-25,155.46,85.94,70.02,10.7,13.5,65,84,99.77
2020-01-26,92.32,72.64,72.42,10.7,12.9,58,87,88.38
2020-01-27,154.46,78.95,76.64,8.5,11.3,77,90,94.07
2020-01-28,156.57,84.8,80.25,9.2,10.8,64,80,103.05
2020-01-29,154.78,86.99,82.9,8.7,10.9,61,71,109.21
2020-01-30,203.15,84.87,84.85,7.7,9.6,56,74,112.85
2020-01-31,205.89,84.8,86.06,6.1,7.9,50,63,117.22
2020-02-01,194.91,82.33,81.27,4.7,10.4,53,70,145.08
2020-02-02,146.89,74.43,81.55,6.1,10.2,53,68,105.99
2020-02-03,206.45,83.81,86.64,5.5,8.8,55,73,116.21
2020-02-04,197.81,84.18,85.41,2.8,7.8,51,71,121.4
2020-02-05,203.97,82.65,90.87,1.4,7.6,52,82,114.89
2020-02-06,199.18,84.12,90.06,1.1,5,38,68,120.97
2020-02-07,201.69,84.28,84.37,4.8,8.9,43,70,123.62
2020-02-08,152.36,77.42,84.11,4.9,8.4,52,67,93.72
2020-02-09,146.77,74.88,82.41,4.9,8.6,47,65,93.66
2020-02-10,173.09,82.82,83.3,6.4,13.2,57,77,113.48
2020-02-11,199.75,84.91,75.87,7,14.7,43,77,121.86
2020-02-12,197.67,84.45,77.11,11.3,16,75,95,109.97
2020-02-13,198.27,85.02,74.24,11.3,14.2,65,81,111.64
2020-02-14,201.01,84.3,73.26,11.3,15.5,63,88,103.99
2020-02-15,153.83,84.16,67.03,12.4,20.6,51,93,97.63
2020-02-16,132.46,74.43,83.08,3.4,12.5,54,96,85.7
2020-02-17,86.45,80.43,91.7,1.2,4,57,87,85.15
2020-02-18,194.37,80.37,89.34,0.8,7.3,46,84,115.3
2020-02-19,200.18,83.33,84.65,2.4,10.1,45,69,127.68
2020-02-20,192.29,80.65,83.48,6.9,12.8,47,76,116.47
2020-02-21,198.25,79.8,76.18,6.6,16.2,39,83,137.03
2020-02-22,162.12,75.94,78.85,8.1,14.3,43,88,93.11
2020-02-23,200.38,74.51,79.97,6.1,10.6,49,64,120.64
2020-02-24,155.39,83.7,74.34,5.6,15.5,42,61,88.62
2020-02-25,155.02,83.73,71.42,11.7,21.1,58,95,88.74
2020-02-26,154.11,84.27,77.24,9.2,12.6,74,95,99.48
2020-02-27,157.68,80.86,77.31,6.9,13.2,58,73,103.72
2020-02-28,201.64,85.15,81.35,8.8,11.5,59,91,124.59
2020-02-29,158.72,83.67,73.92,10.9,12,90,97,114.51
2020-03-01,145.93,85.5,73.4,8.9,12.5,72,93,95.31
2020-03-02,143.09,74.85,82.43,6.1,9.9,52,79,94.48
2020-03-03,156.19,86.01,75.89,6.2,14.3,58,76,106.85
2020-03-04,88.22,83.84,83.86,5.4,10.3,48,88,87.07
2020-03-05,157.4,82.47,84.14,4.3,8.9,48,63,102.69
2020-03-06,221.17,87.15,80.92,2.6,11.5,53,72,113.25
2020-03-07,137.51,85.88,75.73,8,11,65,96,104.61
2020-03-08,145.87,78.59,72.06,7.4,15.3,58,90,90.18
2020-03-09,157.81,85.42,75.73,11.6,14.5,60,97,93.23
2020-03-10,88.57,81.78,83.12,7.8,13.4,56,97,87.07
2020-03-11,164.95,81.68,83.45,6.3,10.7,42,58,102.5
2020-03-12,216.96,86.16,78.87,3.9,13.4,43,66,114.02
2020-03-13,159.09,87.07,75.16,8.5,14.3,37,71,97.6
2020-03-14,139.45,81.36,81.39,6.1,10.1,37,58,93.38
2020-03-15,162.69,78.86,75.76,7.7,14.6,30,66,90.06
2020-03-16,218.77,77.58,81.51,4.7,9.8,42,64,129.39
2020-03-17,225.54,81.08,77.26,6.8,19.5,24,75,122.75
2020-03-18,221.85,85.22,72.57,10.2,16.1,54,82,127.3
2020-03-19,141.9,82.46,79.57,10,21.1,24,75,98.71
2020-03-20,166.63,85.36,76.89,7.4,15.5,21,51,115.6
2020-03-21,162.69,79.72,69.13,9.9,22.2,31,65,113.12
2020-03-22,153.21,75.74,68.16,11.8,17.6,46,96,121.06
2020-03-23,190.9,85.59,74.08,9.4,15.7,32,69,127.58
2020-03-24,183.8,84.62,74.77,8.9,15.4,46,76,130.02
2020-03-25,163.84,79.89,67.58,11.4,20.5,36,74,115.76
2020-03-26,137.99,78.69,70.87,15.4,22.5,63,95,112.05
2020-03-27,141.76,80.01,71.5,8.5,19.5,66,97,95.49
2020-03-28,228.52,81.65,77.13,7.6,9.8,47,79,126.56
2020-03-29,217.44,84.66,71.54,6.7,13.9,50,81,133.76
2020-03-30,218.2,87.57,72.57,11.8,15.4,54,75,149.84
2020-03-31,221.11,87.25,71.36,11.5,16.5,49,81,129.67
2020-04-01,188.96,77.39,75.4,8.5,14.7,46,81,103.77
2020-04-02,223.66,67.61,75.42,8.9,14.2,49,65,124.76
2020-04-03,220.37,76.84,75.03,11,15.6,35,65,117.84
2020-04-04,130.19,57.22,74.64,7.9,16.6,37,64,98.3
2020-04-05,127.09,51.82,76.56,7.5,13.2,37,64,83.48
2020-04-06,218.1,68.21,73.34,6.3,13.7,41,67,124.51
2020-04-07,220.61,66.61,75.51,9,17,21,71,125.01
2020-04-08,217.11,67.61,73.14,10.6,16.1,25,87,125.72
2020-04-09,220.82,67.61,74.24,8.8,15.1,32,57,131.84
2020-04-10,222.82,67.61,72.45,10,15.6,47,71,132.1
2020-04-11,220.31,82.93,74.41,9.8,15.8,63,94,146.26
2020-04-12,221.07,50.87,76.31,7.9,10.8,71,90,108.81
2020-04-13,217.72,73.93,78.57,9.7,13.4,43,77,106.6
2020-04-14,211.64,77.1,71.75,8.4,16.5,30,67,131.06
2020-04-15,233.13,82.68,72.96,10.4,16.4,38,70,146.15
2020-04-16,214.46,76.93,68.72,10.5,20.5,46,76,106.1
2020-04-17,218.75,76.57,71.96,14,18.1,54,95,101.41
2020-04-18,226.22,68.69,70.04,11.3,15.7,60,86,125.79
2020-04-19,231.83,85.77,69.58,11.1,15.5,66,96,137.23
2020-04-20,221.07,74,69.3,11.8,17.6,58,96,124.68
2020-04-21,132.07,79.59,73.88,10.4,16,24,63,95.35
2020-04-22,216.96,84.25,75.97,9,14.3,38,58,140.42
2020-04-23,220.11,73.91,77.19,8.8,13.6,37,63,152.09
2020-04-24,221.2,70.33,74.99,9.2,16.5,30,64,171.41
2020-04-25,226.24,52.19,68.53,10.7,22.6,20,75,142.22
2020-04-26,226.57,119.26,68.14,11.2,18.2,25,83,184.07
2020-04-27,226.19,120.42,69.56,11.4,17.2,33,72,183.84
2020-04-28,226.79,117.22,72.75,10.8,19.3,19,75,187.98
2020-04-29,218.34,57.02,71.97,13.3,19.4,21,53,143.61
2020-04-30,138.61,56.64,65.19,12.7,24.2,40,73,83.45
2020-05-01,121.4,56.99,64.73,17.7,24.4,56,90,90.9
2020-05-02,114.45,53.38,63.77,16.7,21.8,66,95,87.19
2020-05-03,214.3,55.4,62.23,16.5,23,76,97,122.29
2020-05-04,194.2,75.24,64.4,15.8,23.1,68,98,105.27
2020-05-05,209.14,56.62,62.65,14.2,23.6,65,93,124.66
2020-05-06,212.39,58.69,65.15,16.1,23.8,45,96,149.9
2020-05-07,208.15,61.39,66.33,14.8,22.2,40,87,123.61
2020-05-08,195.25,60.53,61.98,15.7,25.6,50,82,102.19
2020-05-09,111.72,56.95,61.38,15.8,26.6,51,82,86.75
2020-05-10,114.58,55.8,62.63,15,17.3,72,90,92.97
2020-05-11,211.42,80.65,65.17,14.7,22,61,90,131.47
2020-05-12,195.37,66.03,64.74,15.1,24.3,28,88,103.17
2020-05-13,227.81,61.88,66.7,13.7,19.5,35,57,111.68
2020-05-14,193.28,66.78,62.7,15.4,24.2,25,48,100.46
2020-05-15,198.23,61.81,64.91,19.4,26.4,60,94,102.38
2020-05-16,220.91,88.5,61.75,14.5,19,90,98,121.19
2020-05-17,207.75,65.78,61.55,13.9,20.6,72,98,116.82
2020-05-18,113.31,66.86,63.91,16.3,28.4,56,94,98.98
